[{"model": "accounts.address", "pk": 1, "fields": {"user_profile": 1, "title": "ev", "address": "yıldızhan mah.", "city": "çorum", "district": "alaca", "postal_code": "19600", "created_at": "2025-07-11T17:47:32.284Z"}}, {"model": "accounts.address", "pk": 3, "fields": {"user_profile": 3, "title": "EV", "address": "SAD", "city": "FA", "district": "FS", "postal_code": "F", "created_at": "2025-07-18T11:22:13.223Z"}}, {"model": "accounts.address", "pk": 4, "fields": {"user_profile": 3, "title": "ev", "address": "çankaya erzurum mah. talatpaşa blv.", "city": "ankara", "district": "ÇANKAYA", "postal_code": "34830", "created_at": "2025-07-21T09:57:14.901Z"}}, {"model": "accounts.address", "pk": 5, "fields": {"user_profile": 5, "title": "ofis", "address": "Bahçelievler mah 319.sok 18/1", "city": "çankaya", "district": "ANKARA", "postal_code": "35885", "created_at": "2025-07-21T10:06:55.406Z"}}, {"model": "pages.category", "pk": 1, "fields": {"name": "koltuk takımı", "slug": "koltuk-takm", "image": "categories/lorem-koltuk-takimi-ec5-a9.webp"}}, {"model": "pages.category", "pk": 2, "fields": {"name": "Yemek Odası", "slug": "yemek-odasi", "image": "categories/nepal-mutfak-masasi-takimi-mutfak-masasi-takimi-1604-37-B.jpg"}}, {"model": "pages.category", "pk": 3, "fields": {"name": "Mutfak Takımı", "slug": "mutfak-takimi", "image": "categories/dekorex-pia-serisi-davlumbaz-modullu-m-4d32-8.webp"}}, {"model": "pages.category", "pk": 4, "fields": {"name": "Koltuk", "slug": "koltuk", "image": "categories/linda-koltuk-takimi-5708-koltuk-takimi-6186-57-B.jpg"}}, {"model": "pages.category", "pk": 5, "fields": {"name": "Yatak Odası", "slug": "yatak-odasi", "image": "categories/bonje-yatak-odasi-modern-yatak-odasi-183136-27-B.jpg"}}, {"model": "pages.category", "pk": 6, "fields": {"name": "Köşe Takımı", "slug": "kose-takimi", "image": "categories/images.jpeg"}}, {"model": "pages.category", "pk": 7, "fields": {"name": "Çay Seti", "slug": "cay-seti", "image": "categories/9155259072562_1722524579984.webp"}}, {"model": "pages.category", "pk": 8, "fields": {"name": "Sehpa Takımları", "slug": "sehpa-takmlar", "image": "categories/emma-zigonlu-orta-sehpa-senza-antrasit-4.webp"}}, {"model": "pages.category", "pk": 9, "fields": {"name": "Bahçe Mobilyaları", "slug": "bahce-mobilyalar", "image": "categories/modern-bahce-mobilyalari_800x534.webp"}}, {"model": "pages.material", "pk": 1, "fields": {"name": "Masif Ahşap"}}, {"model": "pages.material", "pk": 2, "fields": {"name": "MDF (Orta Yoğunluklu Lif Levha)"}}, {"model": "pages.material", "pk": 3, "fields": {"name": "Suntalam"}}, {"model": "pages.material", "pk": 4, "fields": {"name": "Kontrplak"}}, {"model": "pages.material", "pk": 5, "fields": {"name": "Kaplama (Kaplamalı MDF/sunta)"}}, {"model": "pages.material", "pk": 6, "fields": {"name": "Ahşap Kompozit"}}, {"model": "pages.material", "pk": 7, "fields": {"name": "Paslanmaz Çelik"}}, {"model": "pages.material", "pk": 8, "fields": {"name": "Alüminyum"}}, {"model": "pages.material", "pk": 9, "fields": {"name": "Demir"}}, {"model": "pages.material", "pk": 10, "fields": {"name": "Metal Profil (boyalı, statik boyalı vs.)"}}, {"model": "pages.material", "pk": 11, "fields": {"name": "Temperli Cam"}}, {"model": "pages.material", "pk": 12, "fields": {"name": "Renkli Cam"}}, {"model": "pages.material", "pk": 13, "fields": {"name": "Buzlu Cam"}}, {"model": "pages.material", "pk": 14, "fields": {"name": "Ayna Cam"}}, {"model": "pages.material", "pk": 15, "fields": {"name": "Akrilik"}}, {"model": "pages.material", "pk": 16, "fields": {"name": "ABS Plastik"}}, {"model": "pages.material", "pk": 17, "fields": {"name": "Polipropilen"}}, {"model": "pages.material", "pk": 18, "fields": {"name": "PVC"}}, {"model": "pages.material", "pk": 19, "fields": {"name": "Melamin Kaplama"}}, {"model": "pages.material", "pk": 20, "fields": {"name": "Kadife"}}, {"model": "pages.material", "pk": 21, "fields": {"name": "Keten"}}, {"model": "pages.material", "pk": 22, "fields": {"name": "Deri (Gerçek)"}}, {"model": "pages.material", "pk": 23, "fields": {"name": "Suni Deri"}}, {"model": "pages.material", "pk": 24, "fields": {"name": "Nubuk"}}, {"model": "pages.material", "pk": 25, "fields": {"name": "Mikrofiber"}}, {"model": "pages.material", "pk": 26, "fields": {"name": "Mermer"}}, {"model": "pages.material", "pk": 27, "fields": {"name": "Granit"}}, {"model": "pages.material", "pk": 28, "fields": {"name": "Seramik"}}, {"model": "pages.material", "pk": 29, "fields": {"name": "Kuvars"}}, {"model": "pages.color", "pk": 1, "fields": {"name": "yeşil"}}, {"model": "pages.color", "pk": 2, "fields": {"name": "beyaz"}}, {"model": "pages.color", "pk": 3, "fields": {"name": "siyah"}}, {"model": "pages.color", "pk": 4, "fields": {"name": "Gri"}}, {"model": "pages.color", "pk": 5, "fields": {"name": "Kahverengi"}}, {"model": "pages.color", "pk": 6, "fields": {"name": "Ceviz"}}, {"model": "pages.color", "pk": 7, "fields": {"name": "Meşe"}}, {"model": "pages.color", "pk": 8, "fields": {"name": "Krem / Ekru"}}, {"model": "pages.color", "pk": 9, "fields": {"name": "Bej"}}, {"model": "pages.color", "pk": 10, "fields": {"name": "Antrasit"}}, {"model": "pages.color", "pk": 11, "fields": {"name": "Altın / Gold"}}, {"model": "pages.color", "pk": 12, "fields": {"name": "Gümüş / Silver"}}, {"model": "pages.color", "pk": 13, "fields": {"name": "Mavi"}}, {"model": "pages.color", "pk": 14, "fields": {"name": "Pembe"}}, {"model": "pages.color", "pk": 15, "fields": {"name": "Sarı"}}, {"model": "pages.color", "pk": 16, "fields": {"name": "Kırmızı"}}, {"model": "pages.brand", "pk": 1, "fields": {"name": "brand_1"}}, {"model": "pages.size", "pk": 1, "fields": {"name": "3+1"}}, {"model": "pages.producttype", "pk": 1, "fields": {"name": "koltuk"}}, {"model": "pages.product", "pk": 2, "fields": {"name": "enes", "description": "enes", "price": "20000.00", "discounted_price": "18000.00", "category": 1, "image": "products/lorem-koltuk-takimi-ec5-a9_ATTTUli.webp", "is_active": true, "is_featured": true, "is_campaign": true, "material": 1, "color": 2, "brand": 1, "size": 1, "product_type": 1, "created_at": "2025-07-04T17:09:57.197Z", "updated_at": "2025-07-18T17:33:28.122Z", "visit_count": 8}}, {"model": "pages.product", "pk": 5, "fields": {"name": "nsadnas", "description": "asdad", "price": "11.00", "discounted_price": "121.00", "category": 1, "image": "products/lorem-koltuk-takimi-ec5-a9_NCHy3WV.webp", "is_active": true, "is_featured": true, "is_campaign": true, "material": 1, "color": 3, "brand": 1, "size": 1, "product_type": 1, "created_at": "2025-07-13T14:34:35.352Z", "updated_at": "2025-07-18T17:33:14.491Z", "visit_count": 4}}, {"model": "pages.product", "pk": 6, "fields": {"name": "koltuk", "description": "asha", "price": "1100.00", "discounted_price": "2121.00", "category": 1, "image": "products/lorem-koltuk-takimi-ec5-a9_5OxapaQ.webp", "is_active": true, "is_featured": true, "is_campaign": true, "material": 1, "color": 1, "brand": 1, "size": 1, "product_type": 1, "created_at": "2025-07-13T16:21:07.270Z", "updated_at": "2025-07-18T18:02:31.757Z", "visit_count": 18}}, {"model": "pages.product", "pk": 7, "fields": {"name": "ürün son", "description": "ürün son", "price": "12000.00", "discounted_price": null, "category": 5, "image": "products/lorem-koltuk-takimi-ec5-a9.webp", "is_active": true, "is_featured": true, "is_campaign": true, "material": 5, "color": 5, "brand": 1, "size": 1, "product_type": 1, "created_at": "2025-07-18T16:44:37.561Z", "updated_at": "2025-07-18T17:52:25.698Z", "visit_count": 4}}, {"model": "pages.product", "pk": 8, "fields": {"name": "ürün 5", "description": "ürün 5", "price": "12000.00", "discounted_price": null, "category": 3, "image": "products/lorem-koltuk-takimi-ec5-a9_8NJJyLb.webp", "is_active": true, "is_featured": true, "is_campaign": true, "material": 5, "color": 4, "brand": 1, "size": 1, "product_type": 1, "created_at": "2025-07-18T17:34:00.855Z", "updated_at": "2025-07-18T17:34:00.855Z", "visit_count": 1}}, {"model": "pages.product", "pk": 9, "fields": {"name": "ürün 6", "description": "ürün 6", "price": "5000.00", "discounted_price": "4000.00", "category": 4, "image": "products/lorem-koltuk-takimi-ec5-a9_elu36aA.webp", "is_active": true, "is_featured": true, "is_campaign": true, "material": 7, "color": 7, "brand": 1, "size": 1, "product_type": 1, "created_at": "2025-07-18T17:34:32.224Z", "updated_at": "2025-07-18T17:34:32.224Z", "visit_count": 3}}, {"model": "pages.product", "pk": 10, "fields": {"name": "ürün 7", "description": "ürün 7", "price": "12000.00", "discounted_price": null, "category": 3, "image": "products/lorem-koltuk-takimi-ec5-a9_ivuFwmQ.webp", "is_active": true, "is_featured": true, "is_campaign": true, "material": 3, "color": 2, "brand": 1, "size": 1, "product_type": 1, "created_at": "2025-07-18T17:46:29.943Z", "updated_at": "2025-07-18T17:46:29.943Z", "visit_count": 7}}, {"model": "pages.product", "pk": 11, "fields": {"name": "ürün 8", "description": "ürün 8", "price": "5000.00", "discounted_price": "4000.00", "category": 3, "image": "products/lorem-koltuk-takimi-ec5-a9_Ih2AGci.webp", "is_active": true, "is_featured": true, "is_campaign": true, "material": 4, "color": 4, "brand": 1, "size": 1, "product_type": 1, "created_at": "2025-07-18T17:47:26.381Z", "updated_at": "2025-07-22T17:53:42.781Z", "visit_count": 34}}, {"model": "pages.product", "pk": 12, "fields": {"name": "ürün 9", "description": "ürün 9lar snfjkdn gjkdj gkürün 9lar snfjkdn gjkdj gkürün 9lar snfjkdn gjkdj gkürün 9lar snfjkdn gjkdj gkürün 9lar snfjkdn gjkdj gkürün 9lar snfjkdn gjkdj gkürün 9lar snfjkdn gjkdj gkürün 9lar snfjkdn gjkdj gk", "price": "4000.00", "discounted_price": null, "category": 2, "image": "products/lorem-koltuk-takimi-ec5-a9_3FbeOl8.webp", "is_active": true, "is_featured": true, "is_campaign": true, "material": 5, "color": 5, "brand": 1, "size": 1, "product_type": 1, "created_at": "2025-07-18T17:47:50.093Z", "updated_at": "2025-07-22T17:53:59.996Z", "visit_count": 14}}, {"model": "pages.product", "pk": 16, "fields": {"name": "enes", "description": "enes", "price": "1000.00", "discounted_price": null, "category": 1, "image": "products/1_GzDqNJ8_l0OuPEj.png", "is_active": true, "is_featured": true, "is_campaign": true, "material": 3, "color": 1, "brand": 1, "size": 1, "product_type": 1, "created_at": "2025-07-22T17:52:50.492Z", "updated_at": "2025-07-22T17:53:50.280Z", "visit_count": 0}}, {"model": "pages.product", "pk": 17, "fields": {"name": "ürün 12", "description": "ürün 12", "price": "1000.00", "discounted_price": null, "category": 9, "image": "products/3_lUkTW8e_OJfKA6Z_GRqsFAX.png", "is_active": true, "is_featured": true, "is_campaign": true, "material": 5, "color": 4, "brand": 1, "size": 1, "product_type": 1, "created_at": "2025-07-22T18:05:15.867Z", "updated_at": "2025-07-22T18:10:28.659Z", "visit_count": 0}}, {"model": "pages.product", "pk": 18, "fields": {"name": "ürün 13", "description": "ürün 13", "price": "1.00", "discounted_price": "1.00", "category": 2, "image": "products/3_lUkTW8e_OJfKA6Z_3WsZk1j.png", "is_active": true, "is_featured": true, "is_campaign": true, "material": 2, "color": 4, "brand": 1, "size": 1, "product_type": 1, "created_at": "2025-07-22T18:05:55.374Z", "updated_at": "2025-07-22T18:10:20.831Z", "visit_count": 0}}, {"model": "pages.product", "pk": 19, "fields": {"name": "ürün 14", "description": "ürün 14", "price": "5.00", "discounted_price": null, "category": 4, "image": "products/3_lUkTW8e_OJfKA6Z_3WsZk1j_BewbL2D.png", "is_active": true, "is_featured": true, "is_campaign": true, "material": 13, "color": 6, "brand": 1, "size": 1, "product_type": 1, "created_at": "2025-07-22T18:06:17.719Z", "updated_at": "2025-07-22T18:06:17.720Z", "visit_count": 0}}, {"model": "pages.product", "pk": 20, "fields": {"name": "ürün 15", "description": "ürün 15", "price": "1.00", "discounted_price": "1.00", "category": 3, "image": "products/3_lUkTW8e_OJfKA6Z_3WsZk1j_BewbL2D_TXHl0xp.png", "is_active": true, "is_featured": true, "is_campaign": true, "material": 7, "color": 4, "brand": 1, "size": 1, "product_type": 1, "created_at": "2025-07-22T18:06:40.275Z", "updated_at": "2025-07-22T18:06:40.275Z", "visit_count": 0}}, {"model": "pages.product", "pk": 21, "fields": {"name": "ürün 16", "description": "ürün 16", "price": "5.00", "discounted_price": "5.00", "category": 2, "image": "products/1739027605239_GomReTg.jpeg", "is_active": true, "is_featured": true, "is_campaign": true, "material": 2, "color": 3, "brand": 1, "size": 1, "product_type": 1, "created_at": "2025-07-22T18:07:05.570Z", "updated_at": "2025-07-22T18:10:15.131Z", "visit_count": 0}}, {"model": "pages.product", "pk": 22, "fields": {"name": "ürün 17", "description": "ürün 17", "price": "55.00", "discounted_price": "55.00", "category": 2, "image": "products/3_lUkTW8e_OJfKA6Z_3WsZk1j_BewbL2D_TXHl0xp_vZ5X3eM.png", "is_active": true, "is_featured": true, "is_campaign": true, "material": 5, "color": 3, "brand": 1, "size": 1, "product_type": 1, "created_at": "2025-07-22T18:07:34.974Z", "updated_at": "2025-07-22T18:07:34.974Z", "visit_count": 0}}, {"model": "pages.product", "pk": 23, "fields": {"name": "ürün 18", "description": "ürün 18", "price": "5.00", "discounted_price": "5.00", "category": 4, "image": "products/3_lUkTW8e_OJfKA6Z_3WsZk1j_BewbL2D_TXHl0xp_g5yMeYC.png", "is_active": true, "is_featured": true, "is_campaign": true, "material": 16, "color": 6, "brand": 1, "size": 1, "product_type": 1, "created_at": "2025-07-22T18:07:58.351Z", "updated_at": "2025-07-22T18:07:58.351Z", "visit_count": 0}}, {"model": "pages.product", "pk": 24, "fields": {"name": "ürün 20", "description": "ürün 20", "price": "4.00", "discounted_price": "4.00", "category": 3, "image": "products/3_lUkTW8e_OJfKA6Z_3WsZk1j_BewbL2D_TXHl0xp_g5yMeYC_ZQ9feQH.png", "is_active": true, "is_featured": true, "is_campaign": true, "material": 7, "color": 3, "brand": 1, "size": 1, "product_type": 1, "created_at": "2025-07-22T18:08:20.223Z", "updated_at": "2025-07-22T18:08:20.223Z", "visit_count": 0}}, {"model": "pages.product", "pk": 25, "fields": {"name": "ürün sayfa 2", "description": "ürün sayfa 2", "price": "5000.00", "discounted_price": null, "category": 6, "image": "products/1_v8BlRCQ.png", "is_active": true, "is_featured": true, "is_campaign": true, "material": 7, "color": 7, "brand": 1, "size": 1, "product_type": 1, "created_at": "2025-07-22T18:09:37.811Z", "updated_at": "2025-07-22T18:10:08.660Z", "visit_count": 0}}, {"model": "pages.productimage", "pk": 2, "fields": {"product": 6, "image": "products/lorem-koltuk-takimi-ec5-a9_0uAuHv8.webp", "is_main": false, "order": 3}}, {"model": "pages.productimage", "pk": 4, "fields": {"product": 7, "image": "products/lorem-koltuk-takimi-ec5-a9_rip6NsM.webp", "is_main": false, "order": 0}}, {"model": "pages.productimage", "pk": 5, "fields": {"product": 7, "image": "products/lorem-koltuk-takimi-ec5-a9_AxQgq9c.webp", "is_main": false, "order": 0}}, {"model": "pages.productimage", "pk": 6, "fields": {"product": 5, "image": "products/lorem-koltuk-takimi-ec5-a9_sOlLKaq.webp", "is_main": false, "order": 0}}, {"model": "pages.productimage", "pk": 7, "fields": {"product": 2, "image": "products/lorem-koltuk-takimi-ec5-a9_dtbVgdF.webp", "is_main": false, "order": 0}}, {"model": "pages.productimage", "pk": 8, "fields": {"product": 9, "image": "products/lorem-koltuk-takimi-ec5-a9_v0eG4ig.webp", "is_main": false, "order": 0}}, {"model": "pages.productimage", "pk": 9, "fields": {"product": 12, "image": "products/Ekran_Resmi_2025-07-19_23.05.20.png", "is_main": false, "order": 0}}, {"model": "pages.productimage", "pk": 10, "fields": {"product": 12, "image": "products/1739027605239.jpeg", "is_main": false, "order": 0}}, {"model": "pages.banner", "pk": 1, "fields": {"title": ".", "description": ".", "image": "banners/banner_SNdEf06_msR2dbX.jpg", "is_active": true, "created_at": "2025-07-04T16:50:37.193Z"}}, {"model": "pages.banner", "pk": 2, "fields": {"title": ".", "description": ".", "image": "banners/banner_SNdEf06_bA41eLb.jpg", "is_active": true, "created_at": "2025-07-14T20:13:36.730Z"}}, {"model": "auth.user", "fields": {"password": "pbkdf2_sha256$870000$RUA6FrcwhPrdSnO93iiXe6$027KvY3+bS+0/gQTByzl1ql++l0erzhS8XnlOO+jTG0=", "last_login": "2025-07-22T18:20:15.435Z", "is_superuser": true, "username": "enesadige_1", "first_name": "enes adige", "last_name": "", "email": "enesdasci_1@gmail.com", "is_staff": true, "is_active": true, "date_joined": "2025-07-04T16:49:31Z", "groups": [], "user_permissions": []}}, {"model": "auth.user", "fields": {"password": "pbkdf2_sha256$870000$POq0XHowvQdIKrdpDvnIaO$AkLz8wBY5eyb+IM1lx+zCxwWkV5xmkOBwsS5o32v9Ao=", "last_login": "2025-07-13T14:57:41.573Z", "is_superuser": false, "username": "selimaksn", "first_name": "selim", "last_name": "aksun", "email": "selimaksnzz@gmail.com", "is_staff": false, "is_active": true, "date_joined": "2025-07-05T16:57:21.663Z", "groups": [], "user_permissions": []}}, {"model": "auth.user", "fields": {"password": "pbkdf2_sha256$600000$1C3NZUkstgzzK5uARZEy9t$NPxJ5AhSaTSHg8ZMe+KqDfN0dnOTSB8HotsIN0emR6A=", "last_login": "2025-07-23T08:52:21.410Z", "is_superuser": true, "username": "selim", "first_name": "seliö", "last_name": "", "email": "selimaksnzz@gmail.com", "is_staff": true, "is_active": true, "date_joined": "2025-07-13T14:10:09.152Z", "groups": [], "user_permissions": []}}, {"model": "auth.user", "fields": {"password": "pbkdf2_sha256$870000$8akAyMnEdzXAQYfOeKv6o1$2Qgiwc8XNmc21BGKtASPxnb6mG7w7CMM6zVqpxEUTb8=", "last_login": "2025-07-18T16:18:46.927Z", "is_superuser": false, "username": "selo", "first_name": "sel", "last_name": "ak", "email": "omerbybr1@gmail.com", "is_staff": false, "is_active": true, "date_joined": "2025-07-13T14:56:38.696Z", "groups": [], "user_permissions": []}}, {"model": "auth.user", "fields": {"password": "pbkdf2_sha256$600000$awFQ3sL0Y12gBRolldiKxM$TGMrxORA6aqZO/t4HZ6I/+NeqVL4Arr11ZftLCU7srU=", "last_login": "2025-07-21T10:06:27.278Z", "is_superuser": false, "username": "ayse", "first_name": "ayse", "last_name": "aa", "email": "terkiayse@gmail.com", "is_staff": false, "is_active": true, "date_joined": "2025-07-21T10:06:27.094Z", "groups": [], "user_permissions": []}}, {"model": "sessions.session", "pk": "22xgfww62u6truov51tvbe8294ulk06i", "fields": {"session_data": ".eJxVjDsOwjAQBe_iGlk28XrXlPQ5g7X-4QBypDipEHeHSCmgfTPzXsLztla_9bz4KYmL0OL0uwWOj9x2kO7cbrOMc1uXKchdkQftcpxTfl4P9--gcq_f2rE2ZyAgBCaVyUYEsgOBtpSYUBcM7JRCQkxFg8NYzBCMVoYskhPvD6ZfNig:1ueHb5:l0YC0Dqg-6ciM0gPlycAAKyFzGAxCluSBAMGgJURfjs", "expire_date": "2025-08-05T18:20:15.437Z"}}, {"model": "sessions.session", "pk": "4bxnejliw000qu5h4wrnh5e9fa5gdwup", "fields": {"session_data": "e30:1uYKTL:_IT7m4XoRDgGoOVf4uVrAwvQdxOqDPW6Z5Z-YyLkK-Y", "expire_date": "2025-07-20T08:11:39.567Z"}}, {"model": "sessions.session", "pk": "4nbbhl1ncapan496ry2zg3882geeh8tv", "fields": {"session_data": ".eJxVjEEOwiAQAP_C2RAg0C4evfsGsrsUqRpISntq_Lsl6UGvM5PZRcBtzWFr0xLmKK5Ci8svI-TXVLqITyyPKrmWdZlJ9kSetsl7jdP7drZ_g4wt9623IylF2iY_ggZF4K0awHlzEACyBAbIpHTgCM4oTs5EZgBkHLT4fAGqOTb6:1ubPPF:s-cD-pzZllQHaeiKV0sZG6FFYBWP1HgIF9u3WMqrdXE", "expire_date": "2025-07-28T20:04:09.253Z"}}, {"model": "sessions.session", "pk": "5s3nk3y1l7nmxmpxgylcobhowirhlbdx", "fields": {"session_data": ".eJxVjEEOwiAQAP_C2RAg0C4evfsGsrsUqRpISntq_Lsl6UGvM5PZRcBtzWFr0xLmKK5Ci8svI-TXVLqITyyPKrmWdZlJ9kSetsl7jdP7drZ_g4wt9623IylF2iY_ggZF4K0awHlzEACyBAbIpHTgCM4oTs5EZgBkHLT4fAGqOTb6:1ubhRC:7GB0SL7U8fEoZ8_gkR2dhKvgWePHav53gxiknCGwka0", "expire_date": "2025-07-29T15:19:22.722Z"}}, {"model": "sessions.session", "pk": "6gydf7rbd1atoyfze7v3ezz8qltvkvko", "fields": {"session_data": ".eJxVjMsOwiAQRf-FtSEwPFJcuvcbCAwzUjWQlHZl_Hdt0oVu7znnvkRM21rjNmiJcxFnYcTpd8sJH9R2UO6p3brE3tZlznJX5EGHvPZCz8vh_h3UNOq3to50McyKDSQLWheakjMGlfJcPHAg9Nli1mBJEWiDPBFy0C5AsF68P-zrN_g:1uaxPw:EuGqPx7YNjILXOyFAm_Blz-jSTr-yF2a291OjqP_24o", "expire_date": "2025-07-27T14:11:00.081Z"}}, {"model": "sessions.session", "pk": "bvyw4ax2mgbx7tr559bfwe0v195b1xnx", "fields": {"session_data": ".eJxVjDsOwyAQBe9CHSEMeAUp0-cM1rK7BCcRSP5UVu4eW3KRtDPz3qYGXJcyrLNMw8jqqqy6_LKE9JJ6CH5ifTRNrS7TmPSR6NPO-t5Y3rez_TsoOJd9bTxGEJ-ht0xdQs8S0XsLlDOGnYPNQB2YEFi8iyTBEJoIyfXGEavPF_MLODY:1uYKYd:I3a5U8vBf52OI19T1dRH_UIMhHXdlQQ6dFGbgWhkZys", "expire_date": "2025-07-20T08:17:07.782Z"}}, {"model": "sessions.session", "pk": "c06vw8x9y7udkwhdb4g484e5qpn7zrjp", "fields": {"session_data": "e30:1uYKUO:ij9zizlAHsGwOinl1KgvCGZRTTk7yGQh-yy1ikLEe4U", "expire_date": "2025-07-20T08:12:44.523Z"}}, {"model": "sessions.session", "pk": "diw9m2zf8r8d8ctfjddbbibmi3el2k5p", "fields": {"session_data": "e30:1uYKT9:KrqM_3OeKLc_Ifuuq5K-gejQFRZliHFuG7Zkdm-Oh_E", "expire_date": "2025-07-20T08:11:27.387Z"}}, {"model": "sessions.session", "pk": "e3nsv55bjurkjn4y2ssvh89j2hs1qcoe", "fields": {"session_data": ".eJxVjDsOwyAQBe9CHSEMeAUp0-cM1rK7BCcRSP5UVu4eW3KRtDPz3qYGXJcyrLNMw8jqqqy6_LKE9JJ6CH5ifTRNrS7TmPSR6NPO-t5Y3rez_TsoOJd9bTxGEJ-ht0xdQs8S0XsLlDOGnYPNQB2YEFi8iyTBEJoIyfXGEavPF_MLODY:1uY6CX:bKLKc8Io3rUe5W-GIV-Yw_xn4iiFw8tmsolGEM0pX3Y", "expire_date": "2025-07-19T16:57:21.878Z"}}, {"model": "sessions.session", "pk": "hr1lpfisn6qwavbwtvn9thkhmwllnc4k", "fields": {"session_data": ".eJxVjEEOwiAQRe_C2hCgBWdcuvcMZIBBqgaS0q6Md7dNutDtf-_9t_C0LsWvnWc_JXERVpx-t0DxyXUH6UH13mRsdZmnIHdFHrTLW0v8uh7u30GhXrYazkaFkQwoM2TCIaG2qAMhstMAbEEnRRaiipvgOOcQOGtURrvB5lF8vsoSN3o:1udnPf:ZzJEGQpmJC2u-24bkAuUo8mpMWQatxrVXSb0gWayJQs", "expire_date": "2025-08-04T10:06:27.279Z"}}, {"model": "sessions.session", "pk": "m746vfwxuwxcpzabwtfixf59a1rgj4wf", "fields": {"session_data": ".eJxVjMsOwiAQRf-FtSEwPFJcuvcbCAwzUjWQlHZl_Hdt0oVu7znnvkRM21rjNmiJcxFnYcTpd8sJH9R2UO6p3brE3tZlznJX5EGHvPZCz8vh_h3UNOq3to50McyKDSQLWheakjMGlfJcPHAg9Nli1mBJEWiDPBFy0C5AsF68P-zrN_g:1uayAE:J5-2qZunAFdase-y9I2WOGN53fcKAQf02OfPchqLwlc", "expire_date": "2025-07-27T14:58:50.017Z"}}, {"model": "sessions.session", "pk": "o9jbm57ygiq75b5cupgt00b0ximxuagc", "fields": {"session_data": ".eJxVjEEOwiAQRe_C2hAYSgsu3XsGMsMMUjVtUtqV8e7apAvd_vfef6mE21rT1mRJI6uz6tTpdyPMD5l2wHecbrPO87QuI-ld0Qdt-jqzPC-H-3dQsdVvHYdCAYxFcdZFMpGL6Tx4l5msIACB6020AjkzUPEgiJ0dGEsITnr1_gDfBzga:1uc4qR:r8jGAcXHgTAJ4A9-dt_8fTADmGUNDgmg1YRaGmgYLHY", "expire_date": "2025-07-30T16:18:59.818Z"}}, {"model": "sessions.session", "pk": "pb8ormtku1nyzxlew43kwd6g0hy9yl7m", "fields": {"session_data": ".eJxVjDsOwjAQBe_iGlm7suMPJT1nsHbtBQeQI8VJFXF3iJQC2jczb1OJ1qWmtcucxqLOCtXpd2PKT2k7KA9q90nnqS3zyHpX9EG7vk5FXpfD_Tuo1Ou3Bo6ZAwQK4MBJtN5FlxHsYCDeOA8FIqMXb5yAYY-RhAghWGtCQVbvD8DGNws:1uXjbW:fUNRoHHKfFX3vZYP5X6Ux80rosSuHdjmV56OAPRzyfA", "expire_date": "2025-07-18T16:49:38.814Z"}}, {"model": "sessions.session", "pk": "wjjwh57m5lvhoevyw99tgfw5ng35b8ha", "fields": {"session_data": ".eJxVjDsOwjAQBe_iGllZDMRLSZ8zRPszDiBHipMKcXcSKQW0M_Pe2_W0zLlfqk39oO7qgjv8MiZ5WtmEPqjcRy9jmaeB_Zb43VbfjWqv297-HWSqeV2jtCKG3FgMnGICZJaoyskihOOK6EIYA6GA4LlNqNAAQSPBtMWT-3wBIjU5Bg:1ueVD3:UlEJl9L-27omt3-I58WqRqjH690M4WEn6a8NDabMfYw", "expire_date": "2025-08-06T08:52:21.412Z"}}, {"model": "sessions.session", "pk": "x7gqdkpx3uye8yas5qdyl8lm983c6lvr", "fields": {"session_data": ".eJxVjDsOwjAQBe_iGlk28XrXlPQ5g7X-4QBypDipEHeHSCmgfTPzXsLztla_9bz4KYmL0OL0uwWOj9x2kO7cbrOMc1uXKchdkQftcpxTfl4P9--gcq_f2rE2ZyAgBCaVyUYEsgOBtpSYUBcM7JRCQkxFg8NYzBCMVoYskhPvD6ZfNig:1ubhhK:_k8J87hUwCVFzHEwNii30A-rMr4DPZ4Wv2qnskwSjKU", "expire_date": "2025-07-29T15:36:02.525Z"}}, {"model": "sessions.session", "pk": "xyinu3kfswigh7oavlwx87co7ldm37ul", "fields": {"session_data": "e30:1uYKTc:Peqa70I8oqvq61D-Cmi1mED45Kt9dCWfdj2Vu952IkY", "expire_date": "2025-07-20T08:11:56.684Z"}}, {"model": "admin.logentry", "pk": 1, "fields": {"action_time": "2025-07-04T16:50:04.987Z", "user": ["enesadige_1"], "content_type": ["pages", "category"], "object_id": "1", "object_repr": "koltuk takımı", "action_flag": 1, "change_message": "[{\"added\": {}}]"}}, {"model": "admin.logentry", "pk": 2, "fields": {"action_time": "2025-07-04T16:50:12.173Z", "user": ["enesadige_1"], "content_type": ["pages", "color"], "object_id": "1", "object_repr": "yeşil", "action_flag": 1, "change_message": "[{\"added\": {}}]"}}, {"model": "admin.logentry", "pk": 3, "fields": {"action_time": "2025-07-04T16:50:14.770Z", "user": ["enesadige_1"], "content_type": ["pages", "color"], "object_id": "2", "object_repr": "beyaz", "action_flag": 1, "change_message": "[{\"added\": {}}]"}}, {"model": "admin.logentry", "pk": 4, "fields": {"action_time": "2025-07-04T16:50:21.035Z", "user": ["enesadige_1"], "content_type": ["pages", "brand"], "object_id": "1", "object_repr": "brand_1", "action_flag": 1, "change_message": "[{\"added\": {}}]"}}, {"model": "admin.logentry", "pk": 5, "fields": {"action_time": "2025-07-04T16:50:37.194Z", "user": ["enesadige_1"], "content_type": ["pages", "banner"], "object_id": "1", "object_repr": "banner_1", "action_flag": 1, "change_message": "[{\"added\": {}}]"}}, {"model": "admin.logentry", "pk": 6, "fields": {"action_time": "2025-07-04T16:50:45.823Z", "user": ["enesadige_1"], "content_type": ["pages", "material"], "object_id": "1", "object_repr": "ahşap", "action_flag": 1, "change_message": "[{\"added\": {}}]"}}, {"model": "admin.logentry", "pk": 7, "fields": {"action_time": "2025-07-04T16:50:53.055Z", "user": ["enesadige_1"], "content_type": ["pages", "producttype"], "object_id": "1", "object_repr": "koltuk", "action_flag": 1, "change_message": "[{\"added\": {}}]"}}, {"model": "admin.logentry", "pk": 8, "fields": {"action_time": "2025-07-04T16:50:58.153Z", "user": ["enesadige_1"], "content_type": ["pages", "size"], "object_id": "1", "object_repr": "3+1", "action_flag": 1, "change_message": "[{\"added\": {}}]"}}, {"model": "admin.logentry", "pk": 9, "fields": {"action_time": "2025-07-04T16:51:25.157Z", "user": ["enesadige_1"], "content_type": ["pages", "product"], "object_id": "1", "object_repr": "ürün 1", "action_flag": 1, "change_message": "[{\"added\": {}}]"}}, {"model": "admin.logentry", "pk": 10, "fields": {"action_time": "2025-07-04T17:06:14.302Z", "user": ["enesadige_1"], "content_type": ["pages", "color"], "object_id": "3", "object_repr": "siyah", "action_flag": 1, "change_message": "[{\"added\": {}}]"}}, {"model": "admin.logentry", "pk": 11, "fields": {"action_time": "2025-07-04T17:09:57.198Z", "user": ["enesadige_1"], "content_type": ["pages", "product"], "object_id": "2", "object_repr": "enes", "action_flag": 1, "change_message": "[{\"added\": {}}]"}}, {"model": "admin.logentry", "pk": 12, "fields": {"action_time": "2025-07-04T18:08:30.172Z", "user": ["enesadige_1"], "content_type": ["pages", "product"], "object_id": "3", "object_repr": "son", "action_flag": 1, "change_message": "[{\"added\": {}}]"}}, {"model": "admin.logentry", "pk": 13, "fields": {"action_time": "2025-07-06T22:54:59.764Z", "user": ["enesadige_1"], "content_type": ["pages", "category"], "object_id": "2", "object_repr": "yemek takımı", "action_flag": 1, "change_message": "[{\"added\": {}}]"}}, {"model": "admin.logentry", "pk": 14, "fields": {"action_time": "2025-07-11T17:56:53.156Z", "user": ["enesadige_1"], "content_type": ["pages", "order"], "object_id": "1", "object_repr": "Sipariş 95BEAB93 - ürün 1", "action_flag": 2, "change_message": "[{\"changed\": {\"fields\": [\"Ad Soyad\", \"Can be cancelled\"]}}]"}}, {"model": "admin.logentry", "pk": 15, "fields": {"action_time": "2025-07-11T17:57:39.222Z", "user": ["enesadige_1"], "content_type": ["pages", "order"], "object_id": "1", "object_repr": "Sipariş 95BEAB93 - ürün 1", "action_flag": 2, "change_message": "[{\"changed\": {\"fields\": [\"Status\"]}}]"}}, {"model": "admin.logentry", "pk": 16, "fields": {"action_time": "2025-07-11T18:00:53.716Z", "user": ["enesadige_1"], "content_type": ["pages", "order"], "object_id": "1", "object_repr": "Sipariş 95BEAB93 - ürün 1", "action_flag": 2, "change_message": "[{\"changed\": {\"fields\": [\"Can be cancelled\"]}}]"}}, {"model": "admin.logentry", "pk": 17, "fields": {"action_time": "2025-07-15T15:36:48.721Z", "user": ["enesadige_1"], "content_type": ["pages", "order"], "object_id": "3", "object_repr": "Sipariş 61AD4991 - koltuk", "action_flag": 2, "change_message": "[{\"changed\": {\"fields\": [\"Ad Soyad\", \"Status\"]}}]"}}, {"model": "admin.logentry", "pk": 18, "fields": {"action_time": "2025-07-15T15:37:16.942Z", "user": ["enesadige_1"], "content_type": ["auth", "user"], "object_id": "1", "object_repr": "enesadige_1", "action_flag": 2, "change_message": "[{\"changed\": {\"fields\": [\"Email address\"]}}]"}}, {"model": "admin.logentry", "pk": 19, "fields": {"action_time": "2025-07-15T15:37:31.809Z", "user": ["enesadige_1"], "content_type": ["pages", "order"], "object_id": "3", "object_repr": "Sipariş 61AD4991 - koltuk", "action_flag": 2, "change_message": "[{\"changed\": {\"fields\": [\"Status\"]}}]"}}, {"model": "admin.logentry", "pk": 20, "fields": {"action_time": "2025-07-18T14:29:24.098Z", "user": ["enesadige_1"], "content_type": ["pages", "product"], "object_id": "6", "object_repr": "koltuk", "action_flag": 2, "change_message": "[{\"added\": {\"name\": \"\\u00dcr\\u00fcn Resmi\", \"object\": \"koltuk - Resim 2\"}}, {\"added\": {\"name\": \"\\u00dcr\\u00fcn Resmi\", \"object\": \"koltuk - Resim 3\"}}]"}}, {"model": "admin.logentry", "pk": 21, "fields": {"action_time": "2025-07-18T14:29:54.369Z", "user": ["enesadige_1"], "content_type": ["pages", "product"], "object_id": "6", "object_repr": "koltuk", "action_flag": 2, "change_message": "[{\"changed\": {\"fields\": [\"\\u00dcr\\u00fcn Resmi\"]}}]"}}, {"model": "admin.logentry", "pk": 22, "fields": {"action_time": "2025-07-18T14:30:11.314Z", "user": ["enesadige_1"], "content_type": ["pages", "product"], "object_id": "6", "object_repr": "koltuk", "action_flag": 2, "change_message": "[{\"added\": {\"name\": \"\\u00dcr\\u00fcn Resmi\", \"object\": \"koltuk - Resim 1\"}}]"}}, {"model": "admin.logentry", "pk": 23, "fields": {"action_time": "2025-07-18T16:44:37.563Z", "user": ["enesadige_1"], "content_type": ["pages", "product"], "object_id": "7", "object_repr": "ürün son", "action_flag": 1, "change_message": "[{\"added\": {}}, {\"added\": {\"name\": \"\\u00dcr\\u00fcn Resmi\", \"object\": \"\\u00fcr\\u00fcn son - Resim 0\"}}]"}}, {"model": "admin.logentry", "pk": 24, "fields": {"action_time": "2025-07-18T17:07:09.318Z", "user": ["enesadige_1"], "content_type": ["pages", "product"], "object_id": "7", "object_repr": "ürün son", "action_flag": 2, "change_message": "[{\"changed\": {\"fields\": [\"\\u00dcr\\u00fcn Resmi\"]}}]"}}, {"model": "admin.logentry", "pk": 25, "fields": {"action_time": "2025-07-18T17:07:32.057Z", "user": ["enesadige_1"], "content_type": ["pages", "product"], "object_id": "7", "object_repr": "ürün son", "action_flag": 2, "change_message": "[{\"added\": {\"name\": \"\\u00dcr\\u00fcn Resmi\", \"object\": \"\\u00fcr\\u00fcn son - Resim 0\"}}, {\"changed\": {\"name\": \"\\u00dcr\\u00fcn Resmi\", \"object\": \"\\u00fcr\\u00fcn son - Resim 0\", \"fields\": [\"\\u00dcr\\u00fcn Resmi\"]}}]"}}, {"model": "admin.logentry", "pk": 26, "fields": {"action_time": "2025-07-18T17:29:02.121Z", "user": ["enesadige_1"], "content_type": ["pages", "product"], "object_id": "6", "object_repr": "koltuk", "action_flag": 2, "change_message": "[{\"deleted\": {\"name\": \"\\u00dcr\\u00fcn Resmi\", \"object\": \"koltuk - Resim 1\"}}, {\"deleted\": {\"name\": \"\\u00dcr\\u00fcn Resmi\", \"object\": \"koltuk - Resim 2\"}}]"}}, {"model": "admin.logentry", "pk": 27, "fields": {"action_time": "2025-07-18T17:29:09.486Z", "user": ["enesadige_1"], "content_type": ["pages", "product"], "object_id": "6", "object_repr": "koltuk", "action_flag": 2, "change_message": "[{\"changed\": {\"name\": \"\\u00dcr\\u00fcn Resmi\", \"object\": \"koltuk - Resim 3\", \"fields\": [\"\\u00dcr\\u00fcn Resmi\"]}}]"}}, {"model": "admin.logentry", "pk": 28, "fields": {"action_time": "2025-07-18T17:29:18.039Z", "user": ["enesadige_1"], "content_type": ["pages", "product"], "object_id": "5", "object_repr": "nsadnas", "action_flag": 2, "change_message": "[{\"added\": {\"name\": \"\\u00dcr\\u00fcn Resmi\", \"object\": \"nsadnas - Resim 0\"}}]"}}, {"model": "admin.logentry", "pk": 29, "fields": {"action_time": "2025-07-18T17:29:24.636Z", "user": ["enesadige_1"], "content_type": ["pages", "product"], "object_id": "2", "object_repr": "enes", "action_flag": 2, "change_message": "[{\"added\": {\"name\": \"\\u00dcr\\u00fcn Resmi\", \"object\": \"enes - Resim 0\"}}]"}}, {"model": "admin.logentry", "pk": 30, "fields": {"action_time": "2025-07-18T17:33:00.767Z", "user": ["enesadige_1"], "content_type": ["pages", "product"], "object_id": "5", "object_repr": "nsadnas", "action_flag": 2, "change_message": "[{\"changed\": {\"fields\": [\"\\u00dcr\\u00fcn Resmi\", \"Visit count\"]}}]"}}, {"model": "admin.logentry", "pk": 31, "fields": {"action_time": "2025-07-18T17:33:14.493Z", "user": ["enesadige_1"], "content_type": ["pages", "product"], "object_id": "5", "object_repr": "nsadnas", "action_flag": 2, "change_message": "[{\"changed\": {\"fields\": [\"\\u00dcr\\u00fcn Resmi\"]}}]"}}, {"model": "admin.logentry", "pk": 32, "fields": {"action_time": "2025-07-18T17:33:28.123Z", "user": ["enesadige_1"], "content_type": ["pages", "product"], "object_id": "2", "object_repr": "enes", "action_flag": 2, "change_message": "[{\"changed\": {\"fields\": [\"\\u00dcr\\u00fcn Resmi\"]}}]"}}, {"model": "admin.logentry", "pk": 33, "fields": {"action_time": "2025-07-18T17:34:00.856Z", "user": ["enesadige_1"], "content_type": ["pages", "product"], "object_id": "8", "object_repr": "ürün 5", "action_flag": 1, "change_message": "[{\"added\": {}}]"}}, {"model": "admin.logentry", "pk": 34, "fields": {"action_time": "2025-07-18T17:34:32.227Z", "user": ["enesadige_1"], "content_type": ["pages", "product"], "object_id": "9", "object_repr": "ürün 6", "action_flag": 1, "change_message": "[{\"added\": {}}, {\"added\": {\"name\": \"\\u00dcr\\u00fcn Resmi\", \"object\": \"\\u00fcr\\u00fcn 6 - Resim 0\"}}]"}}, {"model": "admin.logentry", "pk": 35, "fields": {"action_time": "2025-07-18T17:46:29.943Z", "user": ["enesadige_1"], "content_type": ["pages", "product"], "object_id": "10", "object_repr": "ürün 7", "action_flag": 1, "change_message": "[{\"added\": {}}]"}}, {"model": "admin.logentry", "pk": 36, "fields": {"action_time": "2025-07-18T17:47:26.382Z", "user": ["enesadige_1"], "content_type": ["pages", "product"], "object_id": "11", "object_repr": "ürün 8", "action_flag": 1, "change_message": "[{\"added\": {}}]"}}, {"model": "admin.logentry", "pk": 37, "fields": {"action_time": "2025-07-18T17:47:50.094Z", "user": ["enesadige_1"], "content_type": ["pages", "product"], "object_id": "12", "object_repr": "ürün 9", "action_flag": 1, "change_message": "[{\"added\": {}}]"}}, {"model": "admin.logentry", "pk": 38, "fields": {"action_time": "2025-07-18T17:48:14.278Z", "user": ["enesadige_1"], "content_type": ["pages", "product"], "object_id": "13", "object_repr": "ürün 10", "action_flag": 1, "change_message": "[{\"added\": {}}]"}}, {"model": "admin.logentry", "pk": 39, "fields": {"action_time": "2025-07-18T17:52:25.699Z", "user": ["enesadige_1"], "content_type": ["pages", "product"], "object_id": "7", "object_repr": "ürün son", "action_flag": 2, "change_message": "[{\"changed\": {\"fields\": [\"Kampanyal\\u0131\"]}}]"}}, {"model": "admin.logentry", "pk": 40, "fields": {"action_time": "2025-07-18T17:52:37.214Z", "user": ["enesadige_1"], "content_type": ["pages", "product"], "object_id": "6", "object_repr": "koltuk", "action_flag": 2, "change_message": "[{\"changed\": {\"fields\": [\"\\u00d6ne \\u00c7\\u0131kan\", \"Kampanyal\\u0131\"]}}]"}}, {"model": "admin.logentry", "pk": 41, "fields": {"action_time": "2025-07-18T18:02:31.760Z", "user": ["enesadige_1"], "content_type": ["pages", "product"], "object_id": "6", "object_repr": "koltuk", "action_flag": 2, "change_message": "[{\"changed\": {\"fields\": [\"\\u00dcr\\u00fcn Resmi\"]}}, {\"changed\": {\"name\": \"\\u00dcr\\u00fcn Resmi\", \"object\": \"koltuk - Resim 3\", \"fields\": [\"\\u00dcr\\u00fcn Resmi\"]}}]"}}, {"model": "admin.logentry", "pk": 42, "fields": {"action_time": "2025-07-21T01:49:11.380Z", "user": ["enesadige_1"], "content_type": ["pages", "product"], "object_id": "12", "object_repr": "ürün 9", "action_flag": 2, "change_message": "[{\"changed\": {\"fields\": [\"Kampanyal\\u0131\"]}}]"}}, {"model": "admin.logentry", "pk": 43, "fields": {"action_time": "2025-07-21T01:49:23.345Z", "user": ["enesadige_1"], "content_type": ["pages", "product"], "object_id": "11", "object_repr": "ürün 8", "action_flag": 2, "change_message": "[{\"changed\": {\"fields\": [\"\\u00d6ne \\u00c7\\u0131kan\"]}}]"}}, {"model": "admin.logentry", "pk": 44, "fields": {"action_time": "2025-07-21T23:53:04.142Z", "user": ["enesadige_1"], "content_type": ["pages", "product"], "object_id": "12", "object_repr": "ürün 9", "action_flag": 2, "change_message": "[{\"changed\": {\"fields\": [\"A\\u00e7\\u0131klama\"]}}]"}}, {"model": "admin.logentry", "pk": 45, "fields": {"action_time": "2025-07-21T23:54:23.799Z", "user": ["enesadige_1"], "content_type": ["pages", "product"], "object_id": "12", "object_repr": "ürün 9", "action_flag": 2, "change_message": "[{\"added\": {\"name\": \"\\u00dcr\\u00fcn Resmi\", \"object\": \"\\u00fcr\\u00fcn 9 - Resim 0\"}}, {\"added\": {\"name\": \"\\u00dcr\\u00fcn Resmi\", \"object\": \"\\u00fcr\\u00fcn 9 - Resim 0\"}}]"}}, {"model": "admin.logentry", "pk": 46, "fields": {"action_time": "2025-07-22T17:53:42.782Z", "user": ["enesadige_1"], "content_type": ["pages", "product"], "object_id": "11", "object_repr": "ürün 8", "action_flag": 2, "change_message": "[{\"changed\": {\"fields\": [\"\\u00d6ne \\u00c7\\u0131kan\"]}}]"}}, {"model": "admin.logentry", "pk": 47, "fields": {"action_time": "2025-07-22T17:53:50.282Z", "user": ["enesadige_1"], "content_type": ["pages", "product"], "object_id": "16", "object_repr": "enes", "action_flag": 2, "change_message": "[{\"changed\": {\"fields\": [\"\\u00d6ne \\u00c7\\u0131kan\", \"Kampanyal\\u0131\"]}}]"}}, {"model": "admin.logentry", "pk": 48, "fields": {"action_time": "2025-07-22T17:53:59.998Z", "user": ["enesadige_1"], "content_type": ["pages", "product"], "object_id": "12", "object_repr": "ürün 9", "action_flag": 2, "change_message": "[{\"changed\": {\"fields\": [\"Kampanyal\\u0131\"]}}]"}}, {"model": "admin.logentry", "pk": 49, "fields": {"action_time": "2025-07-22T18:05:55.375Z", "user": ["enesadige_1"], "content_type": ["pages", "product"], "object_id": "18", "object_repr": "ürün 13", "action_flag": 1, "change_message": "[{\"added\": {}}]"}}, {"model": "admin.logentry", "pk": 50, "fields": {"action_time": "2025-07-22T18:06:17.720Z", "user": ["enesadige_1"], "content_type": ["pages", "product"], "object_id": "19", "object_repr": "ürün 14", "action_flag": 1, "change_message": "[{\"added\": {}}]"}}, {"model": "admin.logentry", "pk": 51, "fields": {"action_time": "2025-07-22T18:06:40.276Z", "user": ["enesadige_1"], "content_type": ["pages", "product"], "object_id": "20", "object_repr": "ürün 15", "action_flag": 1, "change_message": "[{\"added\": {}}]"}}, {"model": "admin.logentry", "pk": 52, "fields": {"action_time": "2025-07-22T18:07:05.571Z", "user": ["enesadige_1"], "content_type": ["pages", "product"], "object_id": "21", "object_repr": "ürün 16", "action_flag": 1, "change_message": "[{\"added\": {}}]"}}, {"model": "admin.logentry", "pk": 53, "fields": {"action_time": "2025-07-22T18:07:34.975Z", "user": ["enesadige_1"], "content_type": ["pages", "product"], "object_id": "22", "object_repr": "ürün 17", "action_flag": 1, "change_message": "[{\"added\": {}}]"}}, {"model": "admin.logentry", "pk": 54, "fields": {"action_time": "2025-07-22T18:07:58.352Z", "user": ["enesadige_1"], "content_type": ["pages", "product"], "object_id": "23", "object_repr": "ürün 18", "action_flag": 1, "change_message": "[{\"added\": {}}]"}}, {"model": "admin.logentry", "pk": 55, "fields": {"action_time": "2025-07-22T18:08:20.224Z", "user": ["enesadige_1"], "content_type": ["pages", "product"], "object_id": "24", "object_repr": "ürün 20", "action_flag": 1, "change_message": "[{\"added\": {}}]"}}, {"model": "admin.logentry", "pk": 56, "fields": {"action_time": "2025-07-22T18:10:08.662Z", "user": ["enesadige_1"], "content_type": ["pages", "product"], "object_id": "25", "object_repr": "ürün sayfa 2", "action_flag": 2, "change_message": "[{\"changed\": {\"fields\": [\"\\u00d6ne \\u00c7\\u0131kan\", \"Kampanyal\\u0131\"]}}]"}}, {"model": "admin.logentry", "pk": 57, "fields": {"action_time": "2025-07-22T18:10:15.132Z", "user": ["enesadige_1"], "content_type": ["pages", "product"], "object_id": "21", "object_repr": "ürün 16", "action_flag": 2, "change_message": "[{\"changed\": {\"fields\": [\"\\u00d6ne \\u00c7\\u0131kan\", \"Kampanyal\\u0131\"]}}]"}}, {"model": "admin.logentry", "pk": 58, "fields": {"action_time": "2025-07-22T18:10:20.833Z", "user": ["enesadige_1"], "content_type": ["pages", "product"], "object_id": "18", "object_repr": "ürün 13", "action_flag": 2, "change_message": "[{\"changed\": {\"fields\": [\"\\u00d6ne \\u00c7\\u0131kan\", \"Kampanyal\\u0131\"]}}]"}}, {"model": "admin.logentry", "pk": 59, "fields": {"action_time": "2025-07-22T18:10:28.660Z", "user": ["enesadige_1"], "content_type": ["pages", "product"], "object_id": "17", "object_repr": "ürün 12", "action_flag": 2, "change_message": "[{\"changed\": {\"fields\": [\"\\u00d6ne \\u00c7\\u0131kan\", \"Kampanyal\\u0131\"]}}]"}}, {"model": "admin.logentry", "pk": 60, "fields": {"action_time": "2025-07-23T09:00:18.220Z", "user": ["selim"], "content_type": ["pages", "order"], "object_id": "5", "object_repr": "Sipariş 00EE5F19 - koltuk", "action_flag": 2, "change_message": "[{\"changed\": {\"fields\": [\"Ad Soyad\", \"Can be cancelled\"]}}]"}}, {"model": "pages.order", "pk": 3, "fields": {"user": ["enesadige_1"], "product": 6, "address_text": "yıldızhan mah.", "address_title": "ev", "full_name": "enes daşcı", "note": "ev", "status": "delivered", "can_be_cancelled": true, "order_number": "61AD4991", "created_at": "2025-07-15T15:36:15.007Z"}}, {"model": "pages.order", "pk": 4, "fields": {"user": ["enesadige_1"], "product": 6, "address_text": "yıldızhan mah.", "address_title": "ev", "full_name": " enes daşcı", "note": "evvv", "status": "pending", "can_be_cancelled": true, "order_number": "7BC6B59D", "created_at": "2025-07-15T15:47:15.554Z"}}, {"model": "pages.order", "pk": 5, "fields": {"user": ["enesadige_1"], "product": 6, "address_text": "yıldızhan mah.", "address_title": "ev", "full_name": "enes daşcı", "note": "..", "status": "pending", "can_be_cancelled": false, "order_number": "00EE5F19", "created_at": "2025-07-18T18:06:46.807Z"}}, {"model": "pages.order", "pk": 6, "fields": {"user": ["enesadige_1"], "product": 7, "address_text": "yıldızhan mah.", "address_title": "ev", "full_name": "enes daşcı ", "note": "..", "status": "pending", "can_be_cancelled": true, "order_number": "9631C056", "created_at": "2025-07-18T18:06:49.072Z"}}, {"model": "pages.order", "pk": 7, "fields": {"user": ["enesadige_1"], "product": 9, "address_text": "yıldızhan mah.", "address_title": "ev", "full_name": "enes daşcı ", "note": "..", "status": "pending", "can_be_cancelled": true, "order_number": "702D6AD9", "created_at": "2025-07-18T18:06:51.045Z"}}, {"model": "pages.order", "pk": 9, "fields": {"user": ["enesadige_1"], "product": 10, "address_text": "yıldızhan mah.", "address_title": "ev", "full_name": "enes daşcı ", "note": ".", "status": "pending", "can_be_cancelled": true, "order_number": "F74799F1", "created_at": "2025-07-19T16:34:17.173Z"}}, {"model": "pages.order", "pk": 10, "fields": {"user": ["selim"], "product": 6, "address_text": "SAD", "address_title": "EV", "full_name": "seliö ", "note": "", "status": "cancelled", "can_be_cancelled": false, "order_number": "C7E9E0EB", "created_at": "2025-07-21T09:40:05.514Z"}}, {"model": "pages.order", "pk": 11, "fields": {"user": ["selim"], "product": 12, "address_text": "SAD", "address_title": "EV", "full_name": "seliö ", "note": "", "status": "pending", "can_be_cancelled": true, "order_number": "2CE9F39E", "created_at": "2025-07-21T09:40:08.123Z"}}, {"model": "pages.order", "pk": 12, "fields": {"user": ["selim"], "product": 11, "address_text": "çankaya erzurum mah. talatpaşa blv.", "address_title": "ev", "full_name": "seliö ", "note": "", "status": "pending", "can_be_cancelled": true, "order_number": "3ADEB436", "created_at": "2025-07-21T09:58:07.609Z"}}, {"model": "pages.order", "pk": 13, "fields": {"user": ["selim"], "product": 11, "address_text": "çankaya erzurum mah. talatpaşa blv.", "address_title": "ev", "full_name": "seliö ", "note": "", "status": "pending", "can_be_cancelled": true, "order_number": "B59CF9B1", "created_at": "2025-07-21T10:05:10.867Z"}}, {"model": "pages.order", "pk": 14, "fields": {"user": ["ayse"], "product": 11, "address_text": "Bahçelievler mah 319.sok 18/1", "address_title": "ofis", "full_name": "ayse aa", "note": "5 gune yurt dışındayım", "status": "pending", "can_be_cancelled": true, "order_number": "C5D6CDC6", "created_at": "2025-07-21T10:07:24.700Z"}}, {"model": "pages.order", "pk": 15, "fields": {"user": ["enesadige_1"], "product": 10, "address_text": "yıldızhan mah.", "address_title": "ev", "full_name": "enes adige ", "note": "..", "status": "pending", "can_be_cancelled": true, "order_number": "ADAE2B0B", "created_at": "2025-07-21T16:48:29.486Z"}}, {"model": "pages.order", "pk": 16, "fields": {"user": ["enesadige_1"], "product": 11, "address_text": "yıldızhan mah.", "address_title": "ev", "full_name": "enes adige ", "note": "..", "status": "pending", "can_be_cancelled": true, "order_number": "DD17E34B", "created_at": "2025-07-21T16:48:33.798Z"}}, {"model": "pages.order", "pk": 17, "fields": {"user": ["enesadige_1"], "product": 12, "address_text": "yıldızhan mah.", "address_title": "ev", "full_name": "enes adige ", "note": "..", "status": "cancelled", "can_be_cancelled": false, "order_number": "581B1DCB", "created_at": "2025-07-21T16:48:37.767Z"}}, {"model": "pages.order", "pk": 18, "fields": {"user": ["selim"], "product": 24, "address_text": "çankaya erzurum mah. talatpaşa blv.", "address_title": "ev", "full_name": "selim", "note": "sa", "status": "iptal_edildi", "can_be_cancelled": false, "order_number": "2CC0CA4B", "created_at": "2025-07-23T09:09:15.196Z"}}, {"model": "pages.order", "pk": 19, "fields": {"user": ["selim"], "product": 25, "address_text": "SAD", "address_title": "EV", "full_name": "seliö ", "note": "", "status": "iptal_edildi", "can_be_cancelled": false, "order_number": "64540ED0", "created_at": "2025-07-23T09:36:10.802Z"}}, {"model": "pages.order", "pk": 20, "fields": {"user": ["selim"], "product": 25, "address_text": "çankaya erzurum mah. talatpaşa blv.", "address_title": "ev", "full_name": "seliö ", "note": "", "status": "shipping", "can_be_cancelled": true, "order_number": "94291BB9", "created_at": "2025-07-23T09:58:47.965Z"}}, {"model": "pages.order", "pk": 21, "fields": {"user": ["selim"], "product": 25, "address_text": "çankaya erzurum mah. talatpaşa blv.", "address_title": "ev", "full_name": "seliö ", "note": "SONNNN", "status": "preparing", "can_be_cancelled": true, "order_number": "13FD3B6A", "created_at": "2025-07-23T10:10:28.036Z"}}, {"model": "pages.cartitem", "pk": 7, "fields": {"user": ["selimaksn"], "product": 2, "quantity": 2, "added_at": "2025-07-06T08:19:39.353Z"}}, {"model": "pages.cartitem", "pk": 11, "fields": {"user": ["selo"], "product": 2, "quantity": 2, "added_at": "2025-07-13T14:56:53.596Z"}}, {"model": "pages.cartitem", "pk": 14, "fields": {"user": ["selo"], "product": 6, "quantity": 1, "added_at": "2025-07-16T16:21:17.530Z"}}, {"model": "pages.cartitem", "pk": 28, "fields": {"user": ["ayse"], "product": 7, "quantity": 2, "added_at": "2025-07-21T10:54:52.534Z"}}, {"model": "pages.cartitem", "pk": 29, "fields": {"user": ["ayse"], "product": 11, "quantity": 2, "added_at": "2025-07-21T11:40:19.772Z"}}, {"model": "pages.cartitem", "pk": 30, "fields": {"user": ["ayse"], "product": 10, "quantity": 1, "added_at": "2025-07-21T11:52:25.268Z"}}, {"model": "pages.cartitem", "pk": 31, "fields": {"user": ["ayse"], "product": 12, "quantity": 6, "added_at": "2025-07-21T13:05:11.257Z"}}, {"model": "pages.cartitem", "pk": 32, "fields": {"user": ["ayse"], "product": 9, "quantity": 1, "added_at": "2025-07-21T13:35:43.492Z"}}, {"model": "pages.cartitem", "pk": 33, "fields": {"user": ["enesadige_1"], "product": 11, "quantity": 3, "added_at": "2025-07-21T16:58:20.439Z"}}, {"model": "accounts.userprofile", "pk": 1, "fields": {"user": ["enesadige_1"], "phone": "05004003020", "address": ""}}, {"model": "accounts.userprofile", "pk": 2, "fields": {"user": ["selimaksn"], "phone": "05511906863", "address": null}}, {"model": "accounts.userprofile", "pk": 3, "fields": {"user": ["selim"], "phone": "05511906863", "address": ""}}, {"model": "accounts.userprofile", "pk": 4, "fields": {"user": ["selo"], "phone": "05051451848", "address": null}}, {"model": "accounts.userprofile", "pk": 5, "fields": {"user": ["ayse"], "phone": "05511906863", "address": null}}]